plate,name,color,type,image_id,direction
38T619-33,پراید، صندوق دار,زرد,تاکسی,1,خروج
47T248-22,پراید، 141,سبز,تاکسی,2,خروج
85T837-33,سمند,سبز,تاکسی,3,خروج
95T476-22,سمند,زرد,تاکسی,4,خروج
14T981-78,سمند,زرد,تاکسی,5,ورود
18T645-78,پژو، 405,زرد,تاکسی,6,ورود
29T268-78,پژو، 405,زرد,تاکسی,7,ورود
18D298-99,بنز، کلاسیک,قهوه ای,سدان,8,خروج
18D298-99,بنز، کلاسیک,قهوه ای,سدان,9,ورود
22T828-68,سمند,زرد,تاکسی,10,ورود
13T559-84,پراید، صندوق دار,زرد,تاکسی,11,ورود
18Z178-11,بنز، کلاس G 320,قرمز,کراس اور,12,خروج
95T476-22,سمند,زرد,تاکسی,13,خروج
76T248-33,سمند,سبز,تاکسی,14,خروج
49T348-11,پژو، 405,سبز,تاکسی,15,خروج
76T481-12,سمند,زرد,تاکسی,16,خروج
88T972-68,پراید، 141,زرد,تاکسی,17,خروج
26T624-78,پراید، صندوق دار,زرد,تاکسی,18,ورود
11P113-11,رنو، مگان,سفید,پلیس,19,ورود
88T972-68,پراید، صندوق دار,زرد,تاکسی,20,ورود
44S447-44,ب ام و، i8,سفید,سدان,21,ورود
33T231-78,پژو، 405,زرد,تاکسی,22,ورود
47T484-11,پژو، 405,زرد,تاکسی,23,ورود
99T744-22,سمند,زرد,تاکسی,24,ورود
59T347-33,پژو، 405,زرد,تاکسی,25,ورود
26T784-78,پراید، صندوق دار,زرد,تاکسی,26,ورود
51T749-68,پراید، 141,زرد,تاکسی,27,خروج
77P674-11,دنا پلاس,سفید,پلیس,28,ورود
88C617-68,ب ام و، کلاسیک,آلبالویی,سدان,29,خروج
96Q518-20,پراید، 141,سفید,سدان,30,خروج
29T373-78,پراید، صندوق دار,زرد,تاکسی,31,ورود
88C617-68,ب ام و، کلاسیک,آلبالویی,سدان,32,ورود
84Y378-10,بنز، کلاس SLC 450,قهوه ای,کروک,33,خروج
63T392-33,پراید، صندوق دار,سبز,تاکسی,34,ورود
67P342-11,مزدا، 3,سفید,پلیس,35,ورود
62N386-40,لاماری,مشکی,سدان,36,ورود
92S947-25,بنز، کلاسیک,زرد,سدان,37,ورود
92S947-25,بنز، کلاسیک,زرد,سدان,38,ورود
92S947-25,بنز، کلاسیک,زرد,سدان,39,خروج
92S947-25,بنز، کلاسیک,زرد,سدان,40,خروج
68J849-83,پژو، پارس,بژ,سدان,42,خروج
44S272-18,پیکان,سفید,سدان,43,ورود
17N858-15,لاماری,سفید,سدان,44,ورود
62N395-40,لاماری,مشکی,سدان,45,ورود
62N395-40,لاماری,مشکی,سدان,46,ورود
28C223-38,ب ام و، کلاسیک,یشمی,سدان,47,ورود
88Y932-40,لاماری,مشکی,سدان,48,ورود
28C223-38,ب ام و، کلاسیک,یشمی,سدان,49,خروج
69H431-50,لاماری,سفید,سدان,50,ورود
53H937-30,جیپ، آهو,آبی,شاسی بلند‌,51,خروج
75D545-21,لاماری,مشکی,سدان,52,ورود
57B387-66,تارا,نوک مدادی,سدان,53,خروج
29H372-61,پژو 207,سفید,سدان,54,ورود
53V586-45,جیپ، شهباز,آبی,شاسی بلند‌,55,ورود
85X967-46,پژو، پارس,قرمز,سدان,56,ورود
39H557-11,پژو 207,سفید,سدان,57,ورود
88Q999-99,پراید، صندوق دار,سفید,سدان,58,خروج
38J829-33,دنا پلاس,مشکی,سدان,59,ورود
34A325-22,پژو، پارس,مشکی,دولتی,60,ورود
14A292-59,سمند,مشکی,دولتی,61,خروج
14A628-59,سمند,سفید,دولتی,62,خروج
15A439-68,پژو، 405,نقره ای,دولتی,63,ورود
32A413-22,پژو، 405,نقره ای,دولتی,64,خروج
77X117-11,ب ام و، i8,سفید,سدان,65,خروج
64M292-13,شورولت، نوا,سفید,سدان,66,ورود
45S649-46,آئودی A4,بژ,سدان,67,خروج
22N122-22,ب ام و، i8,مشکی,سدان,68,ورود
22N122-22,ب ام و، i8,مشکی,سدان,69,خروج
71Q342-50,ب ام و، i8,طلایی,سدان,70,ورود
49M389-92,پراید، صندوق دار,نوک مدادی,سدان,71,خروج
33H751-34,ساینا,سفید,سدان,72,ورود
14M126-14,پراید، صندوق دار,سفید,سدان,73,خروج
17Q514-91,تویوتا، هایلوکس تک کابین,نارنجی,وانت,74,ورود
33M271-44,لامبورگینی قدیمی,نارنجی,سدان,75,خروج
75N646-10,پراید، صندوق دار,سفید,سدان,76,خروج
17Q514-91,تویوتا، هایلوکس تک کابین,نارنجی,وانت,77,خروج
47M598-99,فراری 498,قرمز,سدان,78,خروج
47M598-99,فراری 498,قرمز,سدان,79,ورود
47M598-99,فراری 498,قرمز,سدان,80,خروج
18Q267-44,فراری 498,قرمز,سدان,81,خروج
31Q537-76,پیکان، سدان,طوسی,سدان,82,ورود
31Q537-76,پیکان، سدان,طوسی,سدان,83,خروج
18Q267-44,فراری 498,قرمز,سدان,84,ورود
47M598-99,فراری 498,قرمز,سدان,85,ورود
18Q267-44,فراری 498,قرمز,سدان,86,ورود
18Q267-44,فراری 498,قرمز,سدان,87,خروج
47X538-99,آلفارومئو,قرمز,سدان,88,ورود
47X538-99,آلفارومئو,قرمز,سدان,89,ورود
48M915-13,شورولت کامارو,زرد,سدان,90,خروج
48M915-13,شورولت کامارو,زرد,سدان,91,ورود
31J864-55,شورولت کامارو,قرمز,سدان,92,خروج
11P113-11,رنو، مگان,سفید,پلیس,93,ورود
18Q267-44,فراری 498,قرمز,سدان,94,ورود
84Y476-10,جیپ، هامر,مشکی,سدان,95,ورود
55S143-10,جیپ، هامر,مشکی,سدان,96,ورود
69V267-22,جیپ، هامر,مشکی,سدان,97,ورود
14S532-45,پیکان، سدان,نارنجی,سدان,98,ورود
85J187-68,جیپ، هامر,مشکی,سدان,99,ورود
28S836-97,سمند,سفید,سدان,100,خروج
19A968-13,سمند,سفید,سدان,101,ورود
56Y161-99,فورد موستانگ,نقره ای,سدان,102,ورود
92Q623-33,جیپ، آهو,کرم,شاسی بلند‌,103,خروج
82X371-15,زامیاد، وانت نیسان,آبی,وانت,104,ورود
82M984-40,ساینا,سفید,سدان,105,ورود
95C432-40,ساینا,سفید,سدان,106,ورود
82M984-40,ساینا,سفید,سدان,107,ورود
92H262-10,ساینا,سفید,سدان,108,ورود
32L852-66,تیبا,مشکی,سدان,109,ورود
19X249-50,ساینا,نقره ای,سدان,110,ورود
82J556-79,پژو، 405,نقره ای,سدان,112,خروج
26D739-21,تیبا 2,اطلسی,سدان,113,خروج
82J556-79,پژو، 405,نقره ای,سدان,114,خروج
91Y396-38,تیبا,اطلسی,سدان,115,ورود
51J119-10,تیبا,اطلسی,سدان,116,ورود
97Y381-22,تیبا,سفید,سدان,117,ورود
38D918-30,تیبا 2,سفید,سدان,118,خروج
71D864-58,تیبا,سفید,سدان,119,ورود
82J556-79,پژو، 405,نقره ای,سدان,120,خروج
19N614-67,کوییک,سفید,سدان,122,ورود
28Q631-50,کوییک,سفید,سدان,123,ورود
82J556-79,پژو، 405,نقره ای,سدان,124,ورود
82J556-79,پژو، 405,نقره ای,سدان,125,ورود
82J556-79,پژو، 405,نقره ای,سدان,126,ورود
19N614-67,کوییک,سفید,سدان,127,ورود
33S812-87,نیسان، پاترول,نوک مدادی,شاسی بلند‌,128,خروج
33S812-87,نیسان، پاترول,نوک مدادی,شاسی بلند‌,129,ورود
69Y521-66,تیبا,سفید,سدان,131,خروج
88N588-66,دنا پلاس,مشکی,سدان,133,ورود
25V118-40,نیسان، پاترول چهار در,قهوه ای,شاسی بلند‌,134,خروج
53Y344-38,رانا,سفید,سدان,135,ورود
46X322-79,پژو 207,سفید,سدان,136,خروج
23X948-88,رانا,قرمز,سدان,137,خروج
55X413-40,رانا,سفید,سدان,138,ورود
25V118-40,نیسان، پاترول چهار در,کرم,شاسی بلند‌,139,ورود
67P342-11,مزدا، 3,سفید,پلیس,140,ورود
68M892-79,پژو، 206,نوک مدادی,هاچبک,141,خروج
39N945-79,دنا پلاس,مشکی,سدان,142,خروج
54N119-79,کوییک,سفید,سدان,143,خروج
99L985-36,تویوتا، لندکروز وانت تک کابین,سفید,وانت,144,ورود
99L985-36,تویوتا، لندکروز وانت تک کابین,سفید,وانت,145,ورود
99L985-36,تویوتا، لندکروز وانت تک کابین,سفید,وانت,146,خروج
34M556-79,کوییک,سفید,سدان,147,خروج
94J737-79,کیا، ریو,نوک مدادی,سدان,148,خروج
54N294-79,پراید، صندوق دار,سفید,سدان,149,خروج
37S129-79,پژو، 206,نوک مدادی,هاچبک,150,ورود
15M884-79,پژو، 206,سفید,هاچبک,151,ورود
94J132-56,تویوتا، لندکروز چهار در,سفید,شاسی بلند‌,152,خروج
23Q472-79,پراید، صندوق دار,سفید,سدان,153,خروج
17C512-38,ام وی ام 550,سفید,سدان,154,خروج
54Y827-88,پژو، پارس,سفید,سدان,155,خروج
41N838-79,پژو، پارس,سفید,سدان,156,خروج
76X424-79,رنو، ساندرو,سفید,سدان,157,ورود
76X424-79,رنو، ساندرو,سفید,سدان,158,خروج
82X336-17,تویوتا، لندکروز دو در,نوک مدادی,شاسی بلند‌,159,خروج
39Q747-79,پژو، 206,نقره ای,هاچبک,160,ورود
71N172-79,دنا پلاس,مشکی,سدان,161,خروج
39Q747-79,پژو، 206 SD,نقره ای,سدان,162,خروج
19M267-99,DFM X30,مشکی,سدان,163,خروج
67B826-79,پروتون، ویرا,بژ,سدان,164,خروج
49B912-79,رنو، L90,سفید,سدان,165,ورود
44X775-79,پژو، 206,سفید,هاچبک,166,ورود
42N999-15,لاماری,سفید,سدان,167,ورود
86J423-57,جیپ، صحرا,سفید,شاسی بلند‌,168,ورود
85L986-79,تارا,سفید,سدان,169,ورود
85N827-79,پژو 207,مشکی,سدان,170,ورود
34B831-79,پراید، هاچ بک,سفید,هاچبک,171,خروج
64X125-40,تیبا 2,سفید,سدان,172,خروج
73J224-79,سیتروئن، C5,نوک مدادی,سدان,173,خروج
37M182-79,پژو، 206,سفید,هاچبک,174,خروج
53C866-89,پژو، 206,سفید,هاچبک,175,خروج
78B217-79,پژو، 206,نقره ای,هاچبک,176,خروج
18M582-79,پژو، 206,خاکستری,هاچبک,177,ورود
34Q332-79,پژو، 206 SD,سفید,سدان,178,خروج
91J742-79,پژو، روآ,نقره ای,سدان,179,خروج
27L211-55,ب ام و، X4,سفید,سدان,180,خروج
17Q786-79,پژو، 405,سبز,سدان,181,خروج
33Q367-68,سمند,سفید,سدان,182,خروج
91H717-68,رنو، مگان,سفید,سدان,183,خروج
79D467-89,ساینا,سفید,سدان,184,خروج
66D675-97,پژو، پارس,خاکستری,سدان,185,خروج
75M232-79,پژو، پارس,سفید,سدان,186,خروج
85H218-40,رنو، 21,سفید,سدان,187,خروج
31B446-79,پژو، پارس,نوک مدادی,سدان,188,خروج
77M165-79,پژو، پارس,سفید,سدان,189,خروج
73N961-79,پژو، 405,سفید,سدان,190,خروج
56B126-79,رنو، L90,سفید,سدان,191,خروج
47L874-79,تیبا,سفید,سدان,192,خروج
66C985-30,پژو، پارس,سفید,سدان,193,خروج
95M776-79,تیبا 2,سفید,سدان,194,خروج
96L267-21,نیسان، پاترول وانت,قرمز,وانت,195,ورود
67N147-79,پژو، 405,سفید,سدان,196,خروج
79N721-79,کوییک,سفید,سدان,197,خروج
96L267-21,نیسان، پاترول وانت,قرمز,وانت,198,خروج
72H511-44,میتسوبیشی، گالانت,نقره ای,سدان,199,ورود
64J925-79,پراید، صندوق دار,سفید,سدان,200,خروج
42B583-88,رانا,سفید,سدان,201,خروج
51B479-79,رنو، L90,سفید,سدان,202,خروج
16B715-62,میتسوبیشی، گالانت,قهوه ای,سدان,203,ورود
27B567-79,پراید، صندوق دار,سفید,سدان,204,ورود
86M673-79,پژو 207,سفید,سدان,205,ورود
16B715-62,میتسوبیشی، گالانت,قهوه ای,سدان,206,خروج
43M479-79,پژو، 206,نوک مدادی,هاچبک,207,خروج
15B248-79,رنو، L90,سفید,سدان,208,ورود
42D921-79,پراید، صندوق دار,سفید,سدان,209,خروج
65V445-46,هوندا، آکورد,سرمه ای,سدان,210,خروج
32L242-79,سمند,سفید,سدان,211,ورود
65V445-46,هوندا، آکورد,سرمه ای,سدان,212,ورود
65V445-46,هوندا، آکورد,سرمه ای,سدان,213,خروج
66S289-50,نیسان، پاترول وانت,سفید,وانت,214,ورود
81L744-79,کوییک,سفید,سدان,215,ورود
62H829-50,تیبا,سفید,سدان,216,خروج
12J763-19,پراید، وانت,سفید,وانت,217,ورود
26X968-79,رنو، L90,سفید,سدان,218,ورود
65B347-79,پراید، صندوق دار,نقره ای,سدان,219,خروج
25D997-79,رنو، L90,آلبالویی,سدان,220,خروج
66D995-79,سمند,نقره ای,سدان,221,خروج
69M261-79,تارا,مشکی,سدان,222,خروج
34D537-61,میتسوبیشی، گالانت,سفید,سدان,223,ورود
89X922-79,تیبا,خاکستری,سدان,224,خروج
52L384-79,پراید، صندوق دار,سفید,سدان,225,ورود
34D537-61,میتسوبیشی، گالانت,سفید,سدان,226,خروج
64J313-79,رنو، L90,سفید,سدان,227,خروج
67X264-56,پراید، صندوق دار,سفید,سدان,228,خروج
17S771-54,بنز، کلاس E 230,سفید,سدان,229,ورود
67J964-79,پراید، صندوق دار,خاکستری,سدان,230,خروج
17S771-54,بنز، کلاس E 230,سفید,سدان,231,خروج
97J677-79,پراید، صندوق دار,مشکی,سدان,232,خروج
45M295-75,میتسوبیشی، پاجرو دو در,سرمه ای,شاسی بلند‌,233,خروج
45M295-75,میتسوبیشی، پاجرو دو در,سرمه ای,شاسی بلند‌,234,ورود
66N969-79,دنا پلاس,مشکی,سدان,235,خروج
32M189-79,ساینا,سفید,سدان,236,خروج
65B822-35,نیسان، پاترول چهار در,سرمه ای,شاسی بلند‌,237,ورود
45M877-79,پژو، 405,نقره ای,سدان,238,خروج
38D874-79,رنو، L90,نقره ای,سدان,239,خروج
77M436-66,سمند,سفید,سدان,240,خروج
32Q252-37,هوندا، سیویک,سرمه ای,سدان,245,ورود
32Q252-37,هوندا، سیویک,سرمه ای,سدان,248,خروج
66D356-59,نیسان، پاترول,سرمه ای,شاسی بلند‌,249,ورود
56Y316-38,تویوتا، کریسیدا,بژ,سدان,261,ورود
56Y316-38,تویوتا، کریسیدا,بژ,سدان,262,خروج
56Y316-38,تویوتا، کریسیدا,بژ,سدان,263,خروج
44C312-10,تویوتا، لندکروز چهار در,طلائی,شاسی بلند‌,266,خروج
69Y546-10,میتسوبیشی، پاجرو دو در,سبز,شاسی بلند‌,281,ورود
69Y546-10,میتسوبیشی، پاجرو دو در,سبز,شاسی بلند‌,284,خروج
87C416-88,رنو، 21,قرمز,سدان,292,ورود
38D969-50,تویوتا، لندکروز چهار در,سفید,شاسی بلند‌,295,ورود
38D969-50,تویوتا، لندکروز چهار در,سفید,شاسی بلند‌,296,خروج
53D135-76,جیپ، صحرا,نوک مدادی,شاسی بلند‌,301,خروج
18X936-78,مزدا، وانت تک‌کابين,قرمز,وانت,313,ورود
18X936-78,مزدا، وانت تک‌کابين,قرمز,وانت,315,خرو
65N766-46,پژو، 405,طوسی,سدان,333,ورود
65N766-46,پژو، 405,طوسی,سدان,335,خروج
53J521-97,هیوندای، سوناتا,بادمجانی,سدان,342,ورود
53J521-97,هیوندای، سوناتا,بادمجانی,سدان,344,خروج
47Q329-20,نیسان، پاترول چهار در,کرم,شاسی بلند‌,355,ورود
47Q329-20,نیسان، پاترول چهار در,کرم,شاسی بلند‌,356,خروج
68S824-67,اپل، کورسا,مشکی,هاچبک,371,خروج
23L263-72,پیکان,سفید,سدان,374,خروج
94V349-40,نیسان، پاترول دو در,سرمه ای,شاسی بلند‌,393,ورود
94V349-40,نیسان، پاترول دو در,سرمه ای,شاسی بلند‌,394,خروج
26D735-15,اپل، وکترا,یشمی,سدان,395,ورود
28Q667-37,نیسان، پاترول دو در,مشکی,شاسی بلند‌,398,ورود
28Q667-37,نیسان، پاترول دو در,مشکی,شاسی بلند‌,399,ورود
33Q183-91,پراید، هاچ بک,سفید,هاچبک,416,خروج
69Q361-13,پژو، 405,نوک مدادی,سدان,422,خروج
69Q361-13,پژو، 405,نوک مدادی,سدان,423,ورود
21J232-86,پژو، 405,قهوه ای,سدان,425,خروج
21J232-86,پژو، 405,قهوه ای,سدان,427,خروج
49D678-53,جیپ، صحرا,قرمز,شاسی بلند‌,428,ورود
49D678-53,جیپ، صحرا,قرمز,شاسی بلند‌,430,خروج
84X158-62,نیسان، پاترول چهار در,سرمه ای,شاسی بلند‌,432,ورود
48Y394-32,اپل، کورسا,آبی,هاچبک,446,خروج
48Y394-32,اپل، کورسا,آبی,هاچبک,448,ورود
35C881-46,تویوتا، هایلوکس دو کابین,یشمی,وانت,457,ورود
35C881-46,تویوتا، هایلوکس دو کابین,یشمی,وانت,458,ورود
17S358-52,پراید، هاچ بک,سفید,هاچبک,467,ورود
17S358-52,پراید، هاچ بک,سفید,هاچبک,469,خروج
17S358-52,پراید، هاچ بک,سفید,هاچبک,470,ورود
28J273-40,نیسان، پاترول دو در,مشکی,شاسی بلند‌,476,خروج
96J197-57,پژو، 405,خاکستری,سدان,487,خروج
96J197-57,پژو، 405,خاکستری,سدان,490,ورود
66D653-57,پاژن، دو در,سفید,شاسی بلند‌,491,ورود
66D653-57,پاژن، دو در,سفید,شاسی بلند‌,493,ورود
66D653-57,پاژن، دو در,سفید,شاسی بلند‌,494,خروج
65M488-44,نیسان، پاترول دو در,مشکی,شاسی بلند‌,495,ورود
65M488-44,نیسان، پاترول دو در,مشکی,شاسی بلند‌,496,خروج
65M488-44,نیسان، پاترول دو در,مشکی,شاسی بلند‌,497,ورود
65M488-44,نیسان، پاترول دو در,مشکی,شاسی بلند‌,498,خروج
15M589-21,پراید، هاچ بک,سفید,هاچبک,499,ورود
22L844-75,پراید، هاچ بک,سفید,هاچبک,501,خروج
22L844-75,پراید، هاچ بک,سفید,هاچبک,502,خروج
22L844-75,پراید، هاچ بک,سفید,هاچبک,503,ورود
46V989-78,نیسان، پاترول دو در,مشکی,شاسی بلند‌,509,خروج
46V989-78,نیسان، پاترول دو در,مشکی,شاسی بلند‌,511,ورود
93Y187-32,پراید، هاچ بک,نقره ای,هاچبک,517,ورود
93Y187-32,پراید، هاچ بک,نقره ای,هاچبک,518,خروج
77L768-25,پژو، 405,سرمه ای,سدان,531,خروج
77L768-25,پژو، 405,سرمه ای,سدان,534,ورود
52S742-22,پیکان، سدان,سفید,سدان,540,ورود
52S742-22,پیکان، سدان,سفید,سدان,542,خروج
63X971-56,نیسان، پاترول دو در,مشکی,شاسی بلند‌,543,ورود
93X863-13,نیسان، پاترول دو در,سرمه ای,شاسی بلند‌,545,ورود
93X863-13,نیسان، پاترول دو در,سرمه ای,شاسی بلند‌,547,ورود
25Y535-40,نیسان، پاترول دو در,مشکی,شاسی بلند‌,557,ورود
25Y535-40,نیسان، پاترول دو در,مشکی,شاسی بلند‌,558,خروج
25Y535-40,نیسان، پاترول دو در,مشکی,شاسی بلند‌,559,ورود
64D379-77,نیسان، پاترول چهار در,آبی,شاسی بلند‌,563,خروج
64D379-77,نیسان، پاترول چهار در,آبی,شاسی بلند‌,565,ورود
33Q645-30,پیکان، وانت,سفید,وانت,569,خروج
33Q645-30,پیکان، وانت,سفید,وانت,570,ورود
11L269-82,پیکان، وانت,سفید,وانت,589,ورود
11L269-82,پیکان، وانت,سفید,وانت,591,خروج
11L269-82,پیکان، وانت,سفید,وانت,592,خروج
31Q365-68,نیسان، پاترول دو در,مشکی,شاسی بلند‌,593,ورود
31Q365-68,نیسان، پاترول دو در,مشکی,شاسی بلند‌,594,خروج
85H356-72,نیسان، پاترول دو در,مشکی,شاسی بلند‌,596,ورود
52X353-96,نیسان، پاترول دو در,یشمی,شاسی بلند‌,608,ورود
52X353-96,نیسان، پاترول دو در,یشمی,شاسی بلند‌,609,ورود
42C524-18,تویوتا، هایلوکس دو کابین,سفید,وانت,617,ورود
44H216-13,پژو، پارس,بژ,سدان,621,ورود
44H216-13,پژو، پارس,بژ,سدان,623,ورود
62X793-44,پژو، 405,پوست پیازی,سدان,629,خروج
86B589-91,جیپ، صحرا,یشمی,شاسی بلند‌,645,ورود
86B589-91,جیپ، صحرا,یشمی,شاسی بلند‌,647,خروج
64N931-44,دوو، ماتیز,مشکی,هاچبک,658,ورود
64N931-44,دوو، ماتیز,مشکی,هاچبک,659,خروج
78H424-78,پراید، هاچ بک,خاکستری,هاچبک,686,خروج
78H424-78,پراید، هاچ بک,خاکستری,هاچبک,687,خروج
78H424-78,پراید، هاچ بک,خاکستری,هاچبک,689,خروج
21Q877-68,پژو، 206,نوک مدادی,هاچبک,699,خروج
49S512-16,پژو، پارس,یشمی,سدان,701,خروج
49S512-16,پژو، پارس,یشمی,سدان,702,ورود
49S512-16,پژو، پارس,یشمی,سدان,704,خروج
88M525-61,پراید، استیشن,خاکستری,سدان,715,خروج
84V714-77,پژو، 405,مشکی,سدان,719,ورود
46X756-50,نیسان، پیکاپ دو کابین,سفید,وانت,730,ورود
19D512-20,پراید، صندوق دار,سرمه ای,سدان,733,خروج
24X515-10,دوو، ماتیز,سفید,هاچبک,755,ورود
24X515-10,دوو، ماتیز,سفید,هاچبک,756,خروج
55S845-37,نیسان، پاترول چهار در,یشمی,شاسی بلند‌,769,ورود
55S845-37,نیسان، پاترول چهار در,یشمی,شاسی بلند‌,772,خروج
95X737-72,دوو، ماتیز,طلائی,هاچبک,791,ورود
45X723-50,رنو، پی کی,نوک مدادی,هاچبک,795,ورود
45X723-50,رنو، پی کی,نوک مدادی,هاچبک,796,خروج
94Y487-66,پژو، 206,بژ,هاچبک,797,ورود
94Y487-66,پژو، 206,بژ,هاچبک,798,خروج
34N985-50,دوو، سیلو,بژ,سدان,802,ورود
34N985-50,دوو، سیلو,بژ,سدان,803,خروج
26L282-50,پژو، 206,بژ,هاچبک,813,خروج
44V916-78,پراید، صندوق دار,سفید,سدان,826,ورود
65H569-30,پراید، صندوق دار,اطلسی,سدان,869,خروج
29J126-38,پراید، صندوق دار,قرمز,سدان,871,ورود
29J126-38,پراید، صندوق دار,قرمز,سدان,872,خروج
63J295-42,پراید، صندوق دار,مشکی,سدان,878,ورود
54Q163-30,پراید، صندوق دار,مشکی,سدان,882,خروج
54Q163-30,پراید، صندوق دار,مشکی,سدان,883,ورود
42N679-67,فولکس، ترنسپورتر,سفید,ون,885,خروج
61H377-11,پژو، 206,مشکی,هاچبک,898,ورود
61H377-11,پژو، 206,مشکی,هاچبک,899,خروج
61H377-11,پژو، 206,مشکی,هاچبک,900,ورود
61H377-11,پژو، 206,مشکی,هاچبک,905,خروج
61H377-11,پژو، 206,مشکی,هاچبک,906,خروج
83L276-88,بنز، کلاس E 240,سفید,سدان,917,ورود
83L276-88,بنز، کلاس E 240,سفید,سدان,919,خروج
61Y158-16,دوو، سیلو,مشکی,سدان,921,ورود
61Y158-16,دوو، سیلو,مشکی,سدان,922,ورود
35V416-40,نیسان، ماکسیما,نقره ای,سدان,924,خروج
35V416-40,نیسان، ماکسیما,نقره ای,سدان,925,ورود
13S297-48,نیسان، پاترول چهار در,یشمی,شاسی بلند‌,928,ورود
19Q281-91,پژو، 206,سفید,هاچبک,932,ورود
21V963-67,نیسان، پیکاپ دو کابین,سرمه ای,وانت,946,ورود
21V963-67,نیسان، پیکاپ دو کابین,سرمه ای,وانت,947,ورود
49H468-21,پژو، 405,یشمی,سدان,950,ورود
57J363-68,مزدا، 323,مشکی,سدان,968,ورود
57J363-68,مزدا، 323,مشکی,سدان,969,خروج
29H375-16,پژو، 405,یشمی,سدان,976,ورود
29H375-16,پژو، 405,یشمی,سدان,977,ورود
29H375-16,پژو، 405,یشمی,سدان,978,خروج
91Q143-68,پژو، 206,مشکی,هاچبک,979,ورود
91Q143-68,پژو، 206,مشکی,هاچبک,981,خروج
76X588-50,پراید، صندوق دار,یشمی,سدان,983,خروج
76X588-50,پراید، صندوق دار,یشمی,سدان,984,خروج
76X588-50,پراید، صندوق دار,یشمی,سدان,985,ورود
76X588-50,پراید، صندوق دار,یشمی,سدان,986,ورود
18V912-67,دوو، ماتیز,سفید,هاچبک,987,ورود
83V536-74,پراید، صندوق دار,سفید,سدان,991,خروج
35B633-64,دوو، سیلو,یشمی,سدان,995,ورود
35B633-64,دوو، سیلو,یشمی,سدان,997,خروج
35B633-64,دوو، سیلو,یشمی,سدان,998,خروج
35B633-64,دوو، سیلو,یشمی,سدان,999,ورود
15C545-20,نیسان، ماکسیما,مشکی,سدان,1005,ورود
72H181-30,نیسان، رونیز,نقره ای,شاسی بلند‌,1009,خروج
74H937-13,پژو، 206,نقره ای,هاچبک,1012,خروج
74H937-13,پژو، 206,نقره ای,هاچبک,1015,ورود
94X622-53,پراید، صندوق دار,مشکی,سدان,1017,خروج
58C518-67,سیتروئن، زانتیا,سرمه ای,سدان,1033,خروج
69Q164-50,بنز، کلاس E 280,سفید صدفی,سدان,1036,ورود
69Q164-50,بنز، کلاس E 280,سفید صدفی,سدان,1037,خروج
22N281-11,نیسان، رونیز,مشکی,شاسی بلند‌,1063,ورود
17D148-21,سمند,نقرآبی,سدان,1081,ورود
17D148-21,سمند,نقرآبی,سدان,1082,خروج
52X634-40,پراید، صندوق دار,سفید,سدان,1088,ورود
52X634-40,پراید، صندوق دار,سفید,سدان,1089,خروج
28S251-11,پژو، 206,نقره ای,هاچبک,1093,خروج
28S251-11,پژو، 206,نقره ای,هاچبک,1094,خروج
45S756-15,پژو، 405,یشمی,سدان,1097,ورود
45S756-15,پژو، 405,یشمی,سدان,1098,خروج
47S637-37,پژو، 405,مشکی,سدان,1101,ورود
47S637-37,پژو، 405,مشکی,سدان,1104,خروج
22V269-63,نیسان، رونیز,مشکی,شاسی بلند‌,1106,ورود
22V269-63,نیسان، رونیز,مشکی,شاسی بلند‌,1107,ورود
44D744-78,پراید، صندوق دار,سفید,سدان,1108,ورود
74J451-66,سانگ یانگ، موسو,مشکی,شاسی بلند‌,1117,ورود
74J451-66,سانگ یانگ، موسو,مشکی,شاسی بلند‌,1119,خروج
62S592-64,پیکان، سدان,سفید,سدان,1129,خروج
64S375-87,پراید، صندوق دار,مشکی,سدان,1131,ورود
64S375-87,پراید، صندوق دار,مشکی,سدان,1133,خروج
39S239-50,سیتروئن، زانتیا,مشکی,سدان,1142,خروج
39S239-50,سیتروئن، زانتیا,مشکی,سدان,1144,ورود
54B819-33,پژو، 206,بژ,هاچبک,1146,ورود
73C147-30,پروتون، ویرا,بژ,سدان,1151,خروج
73C147-30,پروتون، ویرا,بژ,سدان,1152,ورود
88S894-77,پژو، RDI,طوسی,سدان,1153,خروج
73J542-92,پژو، RD,یشمی,سدان,1158,ورود
73J542-92,پژو، RD,یشمی,سدان,1161,خروج
28C656-30,پراید، صندوق دار,سرمه ای,سدان,1163,خروج
64B793-26,مزدا، 323,نقره ای,سدان,1170,ورود
64B793-26,مزدا، 323,نقره ای,سدان,1171,ورود
64B793-26,مزدا، 323,نقره ای,سدان,1172,خروج
59V861-50,سیتروئن، زانتیا,نقره ای,سدان,1180,ورود
72Q776-11,پژو، 405,مشکی,سدان,1181,ورود
72Q776-11,پژو، 405,مشکی,سدان,1182,خروج
19X616-96,پراید، صندوق دار,سفید,سدان,1188,خروج
21D683-55,تویوتا، راوفور,مشکی,کراس اور,1198,ورود
79C977-15,پژو، 206,نقره ای,هاچبک,1205,خروج
25N966-44,سانگ یانگ، موسو,نقره ای,شاسی بلند‌,1210,ورود
25N966-44,سانگ یانگ، موسو,نقره ای,شاسی بلند‌,1211,خروج
96C473-31,سمند,نقره ای,سدان,1237,ورود
96C473-31,سمند,نقره ای,سدان,1240,خروج
56B942-23,پراید، صندوق دار,مشکی,سدان,1252,خروج
48N214-56,نیسان، رونیز,نوک مدادی,شاسی بلند‌,1255,ورود
76H474-30,پژو، 206,مشکی,هاچبک,1261,ورود
74J252-68,پراید، صندوق دار,مشکی,سدان,1273,خروج
98V833-69,تویوتا، کمری,سفید,سدان,1287,ورود
99M794-44,تویوتا، پرادو  چهار در,بژ,شاسی بلند‌,1319,ورود
99M794-44,تویوتا، پرادو  چهار در,بژ,شاسی بلند‌,1322,خروج
99M794-44,تویوتا، پرادو  چهار در,بژ,شاسی بلند‌,1323,خروج
99M794-44,تویوتا، پرادو  چهار در,بژ,شاسی بلند‌,1326,ورود
58B918-88,پراید، صندوق دار,یشمی,سدان,1327,ورود
58B918-88,پراید، صندوق دار,یشمی,سدان,1330,خروج
66Q251-22,ب ام و، سری 5 سدان,قهوه ای,سدان,1381,ورود
66Q251-22,ب ام و، سری 5 سدان,قهوه ای,سدان,1383,خروج
25Q813-53,ب ام و، سری 3 سدان,مشکی,سدان,1395,ورود
25Q813-53,ب ام و، سری 3 سدان,مشکی,سدان,1396,ورود
25Q813-53,ب ام و، سری 3 سدان,مشکی,سدان,1398,خروج
13H498-16,نیسان، ماکسیما,نقره ای,سدان,1399,خروج
13H498-16,نیسان، ماکسیما,نقره ای,سدان,1400,ورود
13H498-16,نیسان، ماکسیما,نقره ای,سدان,1401,خروج
83C527-48,ب ام و، سری 7,مشکی,سدان,1404,خروج
79B648-50,پراید، 141,سفید,سدان,1419,خروج
79B648-50,پراید، 141,سفید,سدان,1420,ورود
64X576-26,هیوندای، ورنا,نقره ای,سدان,1480,خروج
49B655-15,تویوتا، پرادو  چهار در,نقره ای,شاسی بلند‌,1488,ورود
49B655-15,تویوتا، پرادو  چهار در,نقره ای,شاسی بلند‌,1490,خروج
87L992-77,پیکان، سدان,سفید,سدان,1492,ورود
32C748-36,پراید، صندوق دار,یشمی,سدان,1498,خروج
32C748-36,پراید، صندوق دار,یشمی,سدان,1499,ورود
18C265-82,تویوتا، کرولا,نقره ای,سدان,1502,ورود
93M452-32,نیسان، ماکسیما,مشکی,سدان,1507,ورود
87J816-82,پژو، 405,مشکی,سدان,1508,خروج
54L518-40,پراید، صندوق دار,مشکی,سدان,1511,خروج
51B783-50,پژو، 206,نقره ای,هاچبک,1514,خروج
52C568-53,سیتروئن، زانتیا,مشکی,سدان,1517,ورود
26S918-50,ب ام و، سری 3 سدان,نقره ای,سدان,1518,ورود
68B587-38,نیسان، ماکسیما,نقره ای,سدان,1522,خروج
68B587-38,نیسان، ماکسیما,نقره ای,سدان,1523,ورود
43S275-40,پیکان، سدان,سفید,سدان,1526,خروج
99H229-16,پژو، 206,نقره ای,هاچبک,1537,خروج
99H229-16,پژو، 206,نقره ای,هاچبک,1540,خروج
17Y185-68,پژو، 206,نقره ای,هاچبک,1542,خروج
58C372-38,مزدا، 323,نقره ای,سدان,1543,ورود
58C372-38,مزدا، 323,نقره ای,سدان,1545,ورود
84N716-67,پژو، 405,مشکی,سدان,1552,خروج
83H274-68,پژو، 405,نقره ای,سدان,1556,ورود
86X322-20,سیتروئن، زانتیا,سرمه ای,سدان,1563,خروج
32B156-66,پژو، پارس,نقره ای,سدان,1566,ورود
53H788-73,پیکان، سدان,سفید,سدان,1578,خروج
47C266-11,پژو، 405,مشکی,سدان,1588,ورود
84H637-68,تویوتا، پرادو  چهار در,سفید,شاسی بلند‌,1601,ورود
67X312-25,پیکان، سدان,سفید,سدان,1608,ورود
67X312-25,پیکان، سدان,سفید,سدان,1611,خروج
71N176-30,رنو، پی کی,مشکی,هاچبک,1621,ورود
71N176-30,رنو، پی کی,مشکی,هاچبک,1623,خروج
77J989-43,پراید، صندوق دار,سفید,سدان,1624,ورود
77J989-43,پراید، صندوق دار,سفید,سدان,1626,خروج
77J989-43,پراید، صندوق دار,سفید,سدان,1627,ورود
15S126-38,پیکان، سدان,سفید,سدان,1630,ورود
15S126-38,پیکان، سدان,سفید,سدان,1632,خروج
79J853-89,پراید، صندوق دار,مشکی,سدان,1633,ورود
79J853-89,پراید، صندوق دار,مشکی,سدان,1634,خروج
79J853-89,پراید، صندوق دار,مشکی,سدان,1635,ورود
79J853-89,پراید، صندوق دار,مشکی,سدان,1636,خروج
11V443-20,پژو، 405,مشکی,سدان,1641,ورود
11V443-20,پژو، 405,مشکی,سدان,1643,خروج
11V443-20,پژو، 405,مشکی,سدان,1644,ورود
65N337-16,سمند,نقره ای,سدان,1656,خروج
99Q893-50,ب ام و، سری 3 سدان,نقره ای,سدان,1665,ورود
99Q893-50,ب ام و، سری 3 سدان,نقره ای,سدان,1667,ورود
99Q893-50,ب ام و، سری 3 سدان,نقره ای,سدان,1668,خروج
65J164-22,سمند,نقره ای,سدان,1673,ورود
65J164-22,سمند,نقره ای,سدان,1674,ورود
65J164-22,سمند,نقره ای,سدان,1675,خروج
13C761-72,مزدا، وانت تک‌کابين,مشکی,وانت,1681,خروج
12N197-22,مزدا، 323,مشکی,سدان,1689,ورود
12N197-22,مزدا، 323,مشکی,سدان,1690,خروج
78D148-66,مزدا، 323,بژ,سدان,1693,ورود
78D148-66,مزدا، 323,بژ,سدان,1694,خروج
98L586-77,پراید، صندوق دار,مشکی,سدان,1725,خروج
98L586-77,پراید، صندوق دار,مشکی,سدان,1726,ورود
98L586-77,پراید، صندوق دار,مشکی,سدان,1728,ورود
59M281-50,ب ام و، سری 3 سدان,قرمز,سدان,1746,خروج
87X484-99,ب ام و، سری 3 سدان,سفید,سدان,1765,ورود
87X484-99,ب ام و، سری 3 سدان,سفید,سدان,1766,ورود
87X484-99,ب ام و، سری 3 سدان,سفید,سدان,1768,خروج
65D219-21,سمند,نقره ای,سدان,1785,ورود
65D219-21,سمند,نقره ای,سدان,1788,خروج
96X954-50,پژو، 206,بژ,هاچبک,1805,ورود
96X954-50,پژو، 206,بژ,هاچبک,1807,خروج
96X693-67,هیوندای، ورنا,سفید,سدان,1810,خروج
25V494-33,پژو، 206,بژ,هاچبک,1817,خروج
25V494-33,پژو، 206,بژ,هاچبک,1818,ورود
63H624-19,سمند,بژ,سدان,1837,خروج
24B298-35,پراید، صندوق دار,سفید,سدان,1845,خروج
24B298-35,پراید، صندوق دار,سفید,سدان,1848,خروج
63X537-77,پژو، RDI,طوسی,سدان,1863,ورود
63X537-77,پژو، RDI,طوسی,سدان,1864,خروج
97V122-50,پژو، 206,نقره ای,هاچبک,1865,ورود
97V122-50,پژو، 206,نقره ای,هاچبک,1867,خروج
97V122-50,پژو، 206,نقره ای,هاچبک,1868,خروج
37M575-11,نیسان، رونیز,نقره ای,شاسی بلند‌,1877,خروج
43Q275-76,پژو، 206,نقره ای,هاچبک,1878,خروج
99B593-91,هیوندای، سوناتا,بادمجانی,سدان,1927,خروج
99B593-91,هیوندای، سوناتا,بادمجانی,سدان,1928,ورود
18C224-13,رنو، مگان,سفید,سدان,1948,ورود
18C224-13,رنو، مگان,سفید,سدان,1950,خروج
66S985-77,سوزوکی، گراند ویتارا,نوک مدادی,کراس اور,1953,ورود
66D938-67,پژو، 206,خاکستری,هاچبک,1968,ورود
66D938-67,پژو، 206,خاکستری,هاچبک,1970,خروج
79C922-40,هیوندای، ورنا,نقره ای,سدان,1991,ورود
79C922-40,هیوندای، ورنا,نقره ای,سدان,1992,خروج
79C922-40,هیوندای، ورنا,نقره ای,سدان,1993,ورود
54Q263-62,فولکس، گل,تارتوفو,هاچبک,1998,ورود
22J139-55,مزدا، 323,آلبالویی,سدان,2001,ورود
92V531-33,پژو، 206,نقره ای,هاچبک,2025,خروج
15C847-68,فولکس، گل,نقره ای,هاچبک,2029,ورود
15C847-68,فولکس، گل,نقره ای,هاچبک,2030,خروج
39V431-27,پژو، پارس,سفید,سدان,2034,ورود
39B273-40,کیا، ریو,سبز,سدان,2037,خروج
77X292-24,تویوتا، هایلوکس تک کابین,سفید,وانت,2041,خروج
41L551-67,نیسان، ماکسیما,نقره ای,سدان,2048,خروج
81Q634-66,بنز، کلاس B,نقره ای,ون,2069,خروج
81Q634-66,بنز، کلاس B,نقره ای,ون,2070,خروج
95M935-44,هیوندای، سوناتا,سرمه ای,سدان,2100,ورود
95M935-44,هیوندای، سوناتا,سرمه ای,سدان,2102,خروج
14X651-77,پژو، 405,نوک مدادی,سدان,2105,ورود
62D749-11,بنز، کلاس E 200,خاکستری,سدان,2110,خروج
73X252-40,فولکس، گل,نقره ای,هاچبک,2141,ورود
46D781-30,پژو، 405,نقره ای,سدان,2146,ورود
46D781-30,پژو، 405,نقره ای,سدان,2147,خروج
12D824-33,سیتروئن، زانتیا,نقره ای,سدان,2149,ورود
12D824-33,سیتروئن، زانتیا,نقره ای,سدان,2152,ورود
69Q988-30,پژو، 206,مشکی,هاچبک,2153,خروج
52X754-13,پژو، RD,یشمی,سدان,2161,ورود
52X754-13,پژو، RD,یشمی,سدان,2163,خروج
79X772-87,پراید، صندوق دار,مشکی,سدان,2166,خروج
41X384-61,پراید، 141,سفید,سدان,2170,ورود
41X384-61,پراید، 141,سفید,سدان,2171,ورود
83N314-40,پژو، 206,نقره ای,هاچبک,2172,ورود
83N314-40,پژو، 206,نقره ای,هاچبک,2173,خروج
95H619-19,سانگ یانگ، موسو,سفید,شاسی بلند‌,2176,ورود
95H619-19,سانگ یانگ، موسو,سفید,شاسی بلند‌,2177,خروج
83L373-82,پراید، صندوق دار,زیتونی,سدان,2180,خروج
32B535-13,سیتروئن، زانتیا,نوک مدادی,سدان,2185,ورود
32B535-13,سیتروئن، زانتیا,نوک مدادی,سدان,2186,خروج
18J779-67,هیوندای، ورنا,سفید,سدان,2195,خروج
48Q591-93,مزدا، وانت دوکابين,یشمی,وانت,2217,خروج
48Q591-93,مزدا، وانت دوکابين,یشمی,وانت,2218,ورود
39C425-22,پژو، RDI,یشمی,سدان,2222,خروج
39C425-22,پژو، RDI,یشمی,سدان,2224,ورود
32V734-56,پژو، 206,نقره ای,هاچبک,2230,خروج
32V734-56,پژو، 206,نقره ای,هاچبک,2231,ورود
71H478-68,تویوتا، کرولا,نقره ای,سدان,2236,خروج
71H478-68,تویوتا، کرولا,نقره ای,سدان,2237,ورود
97V792-68,تویوتا، پرادو دو در,سفید صدفی,شاسی بلند‌,2240,ورود
92B796-30,پژو، 206,بژ,هاچبک,2242,خروج
75X358-62,پژو، 206,خاکستری,هاچبک,2246,ورود
75X358-62,پژو، 206,خاکستری,هاچبک,2248,ورود
69C425-82,پژو، 405,نوک مدادی,سدان,2253,ورود
32J386-61,پیکان، وانت,سفید,وانت,2307,ورود
99J849-92,کیا، ریو,نوک مدادی,سدان,2308,ورود
99J849-92,کیا، ریو,نوک مدادی,سدان,2310,خروج
95J711-18,تویوتا، هایلوکس دو کابین,سفید,وانت,2314,ورود
23S911-15,تویوتا، پرادو  چهار در,سفید,شاسی بلند‌,2348,ورود
23S911-15,تویوتا، پرادو  چهار در,سفید,شاسی بلند‌,2349,خروج
38N947-88,پروتون، جن تو,نارنجی,سدان,2359,خروج
62Y273-17,سانگ یانگ، کوراندو,قرمز,کراس اور,2374,ورود
62Y273-17,سانگ یانگ، کوراندو,قرمز,کراس اور,2382,ورود
12V227-50,پروتون، جن تو,قرمز,سدان,2388,ورود
72Q557-55,پروتون، ایمپین,مشکی,سدان,2390,ورود
72B532-66,تویوتا، کرولا,سفید,سدان,2407,ورود
89B778-72,سوزوکی، گراند ویتارا,نقره ای,کراس اور,2422,ورود
31D325-69,مزدا، 323,نقره ای,سدان,2425,ورود
31D325-69,مزدا، 323,نقره ای,سدان,2426,ورود
31D325-69,مزدا، 323,نقره ای,سدان,2427,ورود
83H471-93,سمند,خاکستری,سدان,2434,خروج
83H471-93,سمند,خاکستری,سدان,2435,ورود
68Q839-74,تویوتا، کرولا,سفید صدفی,سدان,2436,ورود
23C245-10,پژو، 206,نقره ای,هاچبک,2447,ورود
23C245-10,پژو، 206,نقره ای,هاچبک,2449,خروج
54M976-69,پراید، صندوق دار,نقره ای,سدان,2456,ورود
82B387-84,پژو، 405,نقره ای,سدان,2459,ورود
82B387-84,پژو، 405,نقره ای,سدان,2460,خروج
23B266-68,تویوتا، کمری,نقره ای,سدان,2492,ورود
23B266-68,تویوتا، کمری,نقره ای,سدان,2493,ورود
23B266-68,تویوتا، کمری,نقره ای,سدان,2494,خروج
65C169-30,پژو، 206,نوک مدادی,هاچبک,2504,خروج
19N121-77,هیوندای، آوانته,سفید,سدان,2562,خروج
18D473-50,بنز، کلاس E 350,نقره ای,سدان,2564,خروج
18D473-50,بنز، کلاس E 350,نقره ای,سدان,2565,خروج
13S771-20,هیوندای، سوناتا,بادمجانی,سدان,2575,ورود
59X496-11,پژو، RDI,یشمی,سدان,2577,ورود
59X496-11,پژو، RDI,یشمی,سدان,2579,خروج
18N898-43,تویوتا، کمری,بژ,سدان,2584,ورود
18N898-43,تویوتا، کمری,بژ,سدان,2585,خروج
66B639-60,فولکس، گل,ذغالی,هاچبک,2595,ورود
66B639-60,فولکس، گل,ذغالی,هاچبک,2596,خروج
41L824-45,هیوندای، سوناتا,نوک مدادی,سدان,2644,ورود
41L824-45,هیوندای، سوناتا,نوک مدادی,سدان,2647,خروج
48M539-82,فولکس، گل,نقره ای,هاچبک,2659,ورود
89Y757-19,کیا، ریو,نقره ای,سدان,2674,ورود
89Y757-19,کیا، ریو,نقره ای,سدان,2677,ورود
43D445-20,بنز، کلاس S,مشکی,سدان,2729,خروج
43D445-20,بنز، کلاس S,مشکی,سدان,2733,خروج
72S241-20,پراید، 141,بژ,سدان,2769,خروج
58H569-20,نیسان، رونیز,نقره ای,شاسی بلند‌,2792,خروج
31D747-53,سیتروئن، زانتیا,نوک مدادی,سدان,2794,ورود
31D747-53,سیتروئن، زانتیا,نوک مدادی,سدان,2795,خروج
89M334-83,تویوتا، لندکروز چهار در,بژ,شاسی بلند‌,2804,ورود
89M334-83,تویوتا، لندکروز چهار در,بژ,شاسی بلند‌,2805,ورود
89M334-83,تویوتا، لندکروز چهار در,بژ,شاسی بلند‌,2808,ورود
93J513-88,پژو، 206,خاکستری,هاچبک,2812,خروج
38Y135-20,پروتون، جن تو,نقره ای,سدان,2819,ورود
38Y135-20,پروتون، جن تو,نقره ای,سدان,2820,ورود
34N543-46,پراید، صندوق دار,نوک مدادی,سدان,2891,خروج
34N543-46,پراید، صندوق دار,نوک مدادی,سدان,2893,ورود
54X179-42,ام وی ام، 110,سفید,هاچبک,2907,ورود
54X179-42,ام وی ام، 110,سفید,هاچبک,2909,خروج
89M776-16,تویوتا، کرولا,سفید,سدان,2934,خروج
89M776-16,تویوتا، کرولا,سفید,سدان,2936,ورود
69B649-12,سیتروئن، C5,نقره ای,سدان,2947,ورود
69B649-12,سیتروئن، C5,نقره ای,سدان,2948,ورود
76L612-30,تویوتا، کمری,سبز,سدان,2962,خروج
78M476-61,پژو، 206,نقره ای,هاچبک,2973,خروج
59M223-50,بنز، کلاس E 350,نقره ای,سدان,2975,خروج
93C284-88,هیوندای، آزرا (گرنجور),نقره ای,سدان,2983,ورود
93C284-88,هیوندای، آزرا (گرنجور),نقره ای,سدان,2985,خروج
17Q681-66,تویوتا، هایلوکس دو کابین,نقره ای,وانت,2990,ورود
17Q681-66,تویوتا، هایلوکس دو کابین,نقره ای,وانت,2991,خروج
17Q681-66,تویوتا، هایلوکس دو کابین,نقره ای,وانت,2992,ورود
29D581-12,هیوندای، سوناتا,نقرآبی,سدان,2994,خروج
39C597-72,تویوتا، کمری,نقره ای,سدان,3005,ورود
11M235-55,پراید، صندوق دار,سفید,سدان,3007,ورود
11M235-55,پراید، صندوق دار,سفید,سدان,3008,خروج
11M235-55,پراید، صندوق دار,سفید,سدان,3010,خروج
72S461-75,تویوتا، کمری,سفید صدفی,سدان,3012,ورود
19S268-82,تویوتا، کمری,سفید,سدان,3041,ورود
19S268-82,تویوتا، کمری,سفید,سدان,3043,خروج
38H679-40,نیسان، ماکسیما,مشکی,سدان,3049,خروج
84V764-99,پژو، 206,خاکستری,هاچبک,3056,خروج
43J886-22,فولکس، گل,سفید,هاچبک,3059,خروج
43J886-22,فولکس، گل,سفید,هاچبک,3060,ورود
89D439-89,پژو، پارس,نقره ای,سدان,3070,ورود
89D439-89,پژو، پارس,نقره ای,سدان,3071,ورود
89D439-89,پژو، پارس,نقره ای,سدان,3072,ورود
89D439-89,پژو، پارس,نقره ای,سدان,3073,خروج
65H634-57,پیکان، وانت,سفید,وانت,3074,ورود
65H634-57,پیکان، وانت,سفید,وانت,3075,ورود
98B635-13,تویوتا، کمری,قرمز,سدان,3078,ورود
98B635-13,تویوتا، کمری,قرمز,سدان,3079,خروج
98D878-47,هیوندای، سوناتا,مشکی,سدان,3112,خروج
12S648-13,نیسان، ماکسیما,مشکی,سدان,3144,خروج
12S648-13,نیسان، ماکسیما,مشکی,سدان,3145,ورود
59V817-50,بنز، کلاس E 280,سرمه ای,سدان,3158,ورود
59V817-50,بنز، کلاس E 280,سرمه ای,سدان,3160,خروج
72L372-43,پروتون، جن تو,سفید,سدان,3166,ورود
29N614-38,هیوندای، سوناتا,بادمجانی,سدان,3167,خروج
29N614-38,هیوندای، سوناتا,بادمجانی,سدان,3168,ورود
29N614-38,هیوندای، سوناتا,بادمجانی,سدان,3170,خروج
16T664-46,پراید، صندوق دار,زرد,تاکسی,3198,ورود
16T664-46,پراید، صندوق دار,زرد,تاکسی,3201,خروج
24B185-20,پیکان، وانت,سفید,وانت,3235,خروج
59D356-76,مزدا، وانت,آبی,وانت,3237,ورود
59D356-76,مزدا، وانت,آبی,وانت,3238,ورود
37B265-28,پراید، 141,نقره ای,سدان,3251,ورود
37B265-28,پراید، 141,نقره ای,سدان,3252,خروج
76S668-11,نیسان، ماکسیما,نقره ای,سدان,3261,خروج
76S668-11,نیسان، ماکسیما,نقره ای,سدان,3262,خروج
76S668-11,نیسان، ماکسیما,نقره ای,سدان,3266,خروج
57D766-68,پراید، صندوق دار,مشکی,سدان,3273,خروج
91N244-12,نیسان، ماکسیما,خاکستری,سدان,3292,ورود
91N244-12,نیسان، ماکسیما,خاکستری,سدان,3293,خروج
34Y544-20,هیوندای، سوناتا,خاکستری,سدان,3302,خروج
19C614-68,پژو، 206,نقره ای,هاچبک,3308,ورود
19C614-68,پژو، 206,نقره ای,هاچبک,3309,خروج
44B375-35,ام وی ام، 110,نقره ای,هاچبک,3337,خروج
44B375-35,ام وی ام، 110,نقره ای,هاچبک,3338,ورود
86X854-67,کیا، ریو,نقره ای,سدان,3339,ورود
86X854-67,کیا، ریو,نقره ای,سدان,3341,خروج
71M698-75,تویوتا، کمری,بژ,سدان,3343,خروج
71M698-75,تویوتا، کمری,بژ,سدان,3344,ورود
78Q591-35,تویوتا، کمری,نقره ای,سدان,3348,ورود
78Q591-35,تویوتا، کمری,نقره ای,سدان,3349,خروج
78Q591-35,تویوتا، کمری,نقره ای,سدان,3350,خروج
23V863-19,پژو، روآ,یشمی,سدان,3361,خروج
23V863-19,پژو، روآ,یشمی,سدان,3363,ورود
44C729-13,هیوندای، آوانته,سفید,سدان,3429,ورود
44C729-13,هیوندای، آوانته,سفید,سدان,3430,ورود
44C729-13,هیوندای، آوانته,سفید,سدان,3431,خروج
11J384-25,پراید، 141,نقره ای,سدان,3463,خروج
39V591-77,ب ام و، سری 5 سدان,سفید,سدان,3491,ورود
39V591-77,ب ام و، سری 5 سدان,سفید,سدان,3492,خروج
16S874-44,پاژن، چهار در,مشکی,شاسی بلند‌,3497,ورود
16S874-44,پاژن، چهار در,مشکی,شاسی بلند‌,3501,ورود
82X955-33,رنو، مگان,مشکی,سدان,3523,ورود
82X955-33,رنو، مگان,مشکی,سدان,3525,ورود
19Q729-62,پژو، 206,سفید,هاچبک,3537,خروج
19Q729-62,پژو، 206,سفید,هاچبک,3540,خروج
57Y338-22,پراید، صندوق دار,نقره ای,سدان,3541,ورود
66S116-68,نیسان، مورانو,دلفینی,شاسی بلند‌,3549,ورود
66S116-68,نیسان، مورانو,دلفینی,شاسی بلند‌,3550,ورود
66S116-68,نیسان، مورانو,دلفینی,شاسی بلند‌,3551,ورود
87B664-77,سانگ یانگ، موسو,سفید,شاسی بلند‌,3567,ورود
87B664-77,سانگ یانگ، موسو,سفید,شاسی بلند‌,3569,خروج
87B664-77,سانگ یانگ، موسو,سفید,شاسی بلند‌,3570,خروج
49Y139-77,پژو، پارس,سفید,سدان,3577,ورود
31T462-68,پژو، 405,زرد,تاکسی,3582,خروج
81C285-30,تویوتا، کمری,نقره ای,سدان,3584,ورود
81C285-30,تویوتا، کمری,نقره ای,سدان,3585,خروج
64B121-50,پراید، صندوق دار,خاکستری,سدان,3588,ورود
64B121-50,پراید، صندوق دار,خاکستری,سدان,3589,خروج
54X929-11,کیا، سراتو,نقره ای,سدان,3633,خروج
47Q966-77,تویوتا، کرولا,سفید,سدان,3650,ورود
47Q966-77,تویوتا، کرولا,سفید,سدان,3651,خروج
15C292-20,کیا، ریو,بژ,سدان,3657,ورود
15M829-50,پژو، 206,نوک مدادی,هاچبک,3667,خروج
97M973-22,بنز، کلاس S,سفید,سدان,3675,خروج
51C744-66,تویوتا، کمری,سفید,سدان,3700,خروج
47B966-66,هیوندای، سانتافه,سفید,کراس اور,3710,ورود
47B966-66,هیوندای، سانتافه,سفید,کراس اور,3711,ورود
47B966-66,هیوندای، سانتافه,سفید,کراس اور,3713,خروج
48N145-40,پژو، 206,مشکی,هاچبک,3728,خروج
29S142-32,پراید، صندوق دار,سفید,سدان,3756,ورود
29S142-32,پراید، صندوق دار,سفید,سدان,3757,ورود
71W628-11,پراید، صندوق دار,نوک مدادی,سدان,3846,خروج
26H887-50,هیوندای، آزرا (گرنجور),نقره ای,سدان,3866,خروج
26H887-50,هیوندای، آزرا (گرنجور),نقره ای,سدان,3868,ورود
26H887-50,هیوندای، آزرا (گرنجور),نقره ای,سدان,3871,ورود
18Q623-97,پژو، پارس,سفید,سدان,3872,ورود
18Q623-97,پژو، پارس,سفید,سدان,3873,خروج
75B488-10,کیا، سراتو,نقره ای,سدان,3875,ورود
75B488-10,کیا، سراتو,نقره ای,سدان,3878,خروج
56B728-20,پژو، پارس,نقره ای,سدان,3905,ورود
56B728-20,پژو، پارس,نقره ای,سدان,3906,خروج
56B728-20,پژو، پارس,نقره ای,سدان,3908,خروج
39X626-43,زامیاد، وانت نیسان,آبی,وانت,3933,ورود
39X626-43,زامیاد، وانت نیسان,آبی,وانت,3936,خروج
21C837-50,پراید، صندوق دار,زیتونی,سدان,3967,خروج
21C837-50,پراید، صندوق دار,زیتونی,سدان,3970,ورود
34J792-92,تویوتا، هایلوکس دو کابین,سفید,وانت,3992,ورود
34J792-92,تویوتا، هایلوکس دو کابین,سفید,وانت,3993,ورود
18Q623-97,پژو، پارس,سفید,سدان,4002,ورود
82M174-11,هیوندای، سوناتا,سفید,سدان,4016,خروج
82M174-11,هیوندای، سوناتا,سفید,سدان,4017,ورود
25V212-19,تویوتا، پرادو  چهار در,سفید,شاسی بلند‌,4052,خروج
33Q581-77,پژو، 206,نقره ای,هاچبک,4063,خروج
33Q581-77,پژو، 206,نقره ای,هاچبک,4066,خروج
75N551-44,هیوندای، آزرا (گرنجور),سفید,سدان,4069,ورود
58S426-50,پراید، صندوق دار,مشکی,سدان,4078,ورود
58S426-50,پراید، صندوق دار,مشکی,سدان,4080,خروج
13B244-60,پراید، صندوق دار,مشکی,سدان,4085,ورود
13B244-60,پراید، صندوق دار,مشکی,سدان,4087,خروج
65H667-11,بنز، کلاس S,نقره ای,سدان,4096,ورود
47Q396-63,پژو، 206,خاکستری,هاچبک,4108,ورود
32S487-20,بنز، کلاس C,سفید,سدان,4112,ورود
32S487-20,بنز، کلاس C,سفید,سدان,4113,خروج
34V284-74,پژو، 206 SD,مشکی,سدان,4117,ورود
34V284-74,پژو، 206 SD,مشکی,سدان,4119,خروج
24T494-68,سوئیست، ون دلیکا,نقره ای,ون-تاکسی,4120,ورود
24T494-68,سوئیست، ون دلیکا,نقره ای,ون-تاکسی,4121,ورود
23»162-33,پراید، 132,نقره ای,سدان,4125,خروج
23Y416-38,تویوتا، یاریس صندوق دار,زیتونی,سدان,4128,خروج
23Y416-38,تویوتا، یاریس صندوق دار,زیتونی,سدان,4129,ورود
16H526-20,ب ام و، سری 5 سدان,خاکستری,سدان,4132,ورود
16H526-20,ب ام و، سری 5 سدان,خاکستری,سدان,4133,خروج
16H526-20,ب ام و، سری 5 سدان,خاکستری,سدان,4135,خروج
29D752-54,سمند,مشکی,سدان,4144,ورود
29D752-54,سمند,مشکی,سدان,4145,خروج
29D752-54,سمند,مشکی,سدان,4146,ورود
24C961-40,پژو، 206 SD,نقره ای,سدان,4148,ورود
24C961-40,پژو، 206 SD,نقره ای,سدان,4151,خروج
79M948-50,تویوتا، کمری,سفید,سدان,4165,ورود
79M948-50,تویوتا، کمری,سفید,سدان,4166,خروج
26N515-44,تویوتا، پرادو دو در,سفید,شاسی بلند‌,4171,ورود
28B164-88,مزدا، 323,سفید,سدان,4182,ورود
92L249-67,هیوندای، آزرا (گرنجور),بادمجانی,سدان,4202,ورود
92L249-67,هیوندای، آزرا (گرنجور),بادمجانی,سدان,4203,ورود
92L249-67,هیوندای، آزرا (گرنجور),بادمجانی,سدان,4204,خروج
64H575-44,پژو، 405,خاکستری,سدان,4213,خروج
64H575-44,پژو، 405,خاکستری,سدان,4215,خروج
64H575-44,پژو، 405,خاکستری,سدان,4216,خروج
95Q796-20,پراید، صندوق دار,سفید,سدان,4217,ورود
95Q796-20,پراید، صندوق دار,سفید,سدان,4220,خروج
51H481-33,کیا، ریو,زیتونی,سدان,4221,ورود
51H481-33,کیا، ریو,زیتونی,سدان,4223,خروج
51H481-33,کیا، ریو,زیتونی,سدان,4224,خروج
72M551-13,هیوندای، توسان,مشکی,کراس اور,4225,خروج
72M551-13,هیوندای، توسان,مشکی,کراس اور,4226,ورود
19Y349-12,پژو، پارس,خاکستری,سدان,4236,ورود
19Y349-12,پژو، پارس,خاکستری,سدان,4237,خروج
19Y349-12,پژو، پارس,خاکستری,سدان,4238,خروج
47X224-47,پژو، پارس,نقره ای,سدان,4254,خروج
36C241-40,نیسان، رونیز,خاکستری,شاسی بلند‌,4257,ورود
64J896-26,هیوندای، سوناتا,نقره ای,سدان,4263,ورود
51X284-45,رنو، مگان,نقره ای,سدان,4266,ورود
51X284-45,رنو، مگان,نقره ای,سدان,4267,خروج
51X284-45,رنو، مگان,نقره ای,سدان,4268,خروج
84B176-92,هیوندای، سوناتا,سفید,سدان,4273,ورود
96J383-26,رنو، مگان,سفید صدفی,سدان,4294,ورود
34E953-21,میتسوبیشی، ون,زرد,ون - حمل و نقل عمومی,4304,خروج
62C626-71,هیوندای، سانتافه,سفید,کراس اور,4336,خروج
92C594-10,فولکس، گل,سفید,هاچبک,4349,خروج
13B417-51,سمند,نقره ای,سدان,4394,خروج
13B417-51,سمند,نقره ای,سدان,4395,ورود
57D459-23,پژو، 405,نقره ای,سدان,4398,ورود
91B929-40,پراید، صندوق دار,مشکی,سدان,4407,خروج
91B929-40,پراید، صندوق دار,مشکی,سدان,4408,ورود
15X966-51,تویوتا، پرادو  چهار در,بژ,شاسی بلند‌,4420,خروج
15X966-51,تویوتا، پرادو  چهار در,بژ,شاسی بلند‌,4422,ورود
32H899-32,پیکان، وانت,سفید,وانت,4423,ورود
32H899-32,پیکان، وانت,سفید,وانت,4425,خروج
99Y655-10,سیتروئن، زانتیا,نوک مدادی,سدان,4430,ورود
55S461-91,پژو، پارس,نوک مدادی,سدان,4433,ورود
55S461-91,پژو، پارس,نوک مدادی,سدان,4436,خروج
57Y966-16,پراید، صندوق دار,مشکی,سدان,4437,ورود
57Y966-16,پراید، صندوق دار,مشکی,سدان,4438,خروج
57Y966-16,پراید، صندوق دار,مشکی,سدان,4439,خروج
15N556-40,بنز، کلاس S,سفید,سدان,4441,خروج
51L319-13,کیا، سورنتو,نقره ای,کراس اور,4443,ورود
51L319-13,کیا، سورنتو,نقره ای,کراس اور,4445,خروج
93-267-99,کیا، اسپورتیج,سفید,کراس اور,4447,ورود
69H149-10,کیا، سورنتو,طوسی,کراس اور,4449,ورود
92V841-40,پراید، هاچ بک,مشکی,هاچبک,4451,ورود
92V841-40,پراید، هاچ بک,مشکی,هاچبک,4452,خروج
92V841-40,پراید، هاچ بک,مشکی,هاچبک,4454,ورود
62D559-72,سیتروئن، زانتیا,زیتونی,سدان,4455,ورود
62D559-72,سیتروئن، زانتیا,زیتونی,سدان,4456,خروج
32S487-63,کیا، اپیروس,بژ,سدان,4459,خروج
55B657-23,سیتروئن، زانتیا,نقره ای,سدان,4462,ورود
55B657-23,سیتروئن، زانتیا,نقره ای,سدان,4463,خروج
37J743-50,نیسان، ماکسیما,سفید,سدان,4470,ورود
37J743-50,نیسان، ماکسیما,سفید,سدان,4471,خروج
26N515-44,تویوتا، پرادو دو در,سفید,شاسی بلند‌,4495,ورود
26N515-44,تویوتا، پرادو دو در,سفید,شاسی بلند‌,4498,خروج
94D241-40,پژو، 206 SD,نوک مدادی,سدان,4499,خروج
94D241-40,پژو، 206 SD,نوک مدادی,سدان,4500,ورود
33L147-55,بنز، کلاس E 280,سفید,سدان,4524,خروج
37N554-10,تویوتا، لندکروز چهار در,سفید,شاسی بلند‌,4526,خروج
26V752-68,پژو، 206,خاکستری,هاچبک,4553,ورود
54H954-55,مزدا، 3,مشکی,سدان,4564,ورود
54H954-55,مزدا، 3,مشکی,سدان,4565,خروج
88Y529-38,ب ام و، سری 3 کروک,سفید,کروک,4570,خروج
88B485-88,پژو، 405,خاکستری,سدان,4571,ورود
88B485-88,پژو، 405,خاکستری,سدان,4574,خروج
82S794-74,سمند,نقره ای,سدان,4579,ورود
41S914-99,سمند,خاکستری,سدان,4636,ورود
13S838-19,نیسان، رونیز,نقره ای,شاسی بلند‌,4647,ورود
17Y734-68,کیا، سورنتو,مشکی,کراس اور,4687,خروج
32J959-51,هیوندای، سانتافه,مشکی,کراس اور,4690,ورود
32J959-51,هیوندای، سانتافه,مشکی,کراس اور,4691,خروج
25B737-92,پژو، 405,نقره ای,سدان,4693,خروج
11B637-88,مزدا، 3,سفید,سدان,4708,خروج
19J181-23,نیسان، ماکسیما,سفید,سدان,4709,خروج
56Q573-18,پراید، صندوق دار,نقره ای,سدان,4740,خروج
56Q573-18,پراید، صندوق دار,نقره ای,سدان,4741,ورود
31C313-33,هیوندای، سانتافه,بادمجانی,کراس اور,4762,خروج
11C248-20,ب ام و، سری 5 سدان,خاکستری,سدان,4787,ورود
26V154-44,هیوندای، آوانته,مشکی,سدان,4799,ورود
26V154-44,هیوندای، آوانته,مشکی,سدان,4800,خروج
96N836-55,بنز، کلاس S,سفید,سدان,4835,ورود
24Q182-20,سانگ یانگ، کوراندو,قرمز,کراس اور,4861,ورود
38M317-10,پژو، پارس,سفید,سدان,4940,خروج
13D932-92,کیا، اسپورتیج,قهوه ای,کراس اور,4955,ورود
13D932-92,کیا، اسپورتیج,قهوه ای,کراس اور,4956,خروج
44L153-13,پژو، 206,خاکستری,هاچبک,4963,خروج
62B192-56,ب ام و، سری 3 سدان,مشکی,سدان,4975,ورود
62B192-56,ب ام و، سری 3 سدان,مشکی,سدان,4976,ورود
62B192-56,ب ام و، سری 3 سدان,مشکی,سدان,4977,ورود
62B192-56,ب ام و، سری 3 سدان,مشکی,سدان,4980,خروج
82H114-10,پژو، پارس,سفید,سدان,4985,ورود
71S911-78,پیکان، وانت,سفید,وانت,5000,ورود
71S911-78,پیکان، وانت,سفید,وانت,5001,ورود
71S911-78,پیکان، وانت,سفید,وانت,5002,خروج
61V772-91,پراید، صندوق دار,سفید,سدان,5003,ورود
61V772-91,پراید، صندوق دار,سفید,سدان,5005,ورود
18V497-40,پژو، 206 SD,خاکستری,سدان,5006,ورود
18V497-40,پژو، 206 SD,خاکستری,سدان,5008,خروج
39H481-56,پراید، صندوق دار,سفید,سدان,5013,خروج
38M317-10,پژو، پارس,سفید,سدان,5020,ورود
38M317-10,پژو، پارس,سفید,سدان,5023,خروج
74V392-46,بنز، کلاس C,سفید,سدان,5029,ورود
85J841-69,ب ام و، سری 7,سفید صدفی,سدان,5033,خروج
85J841-69,ب ام و، سری 7,سفید صدفی,سدان,5034,ورود
85N294-50,پژو، 206,مشکی,هاچبک,5047,خروج